company,symbol,date,close,open,high,low
Ford,F,2024-04-01,13.29,13.33,13.38,13.14
Ford,F,2024-04-02,13.28,13.16,13.37,13.09
Ford,F,2024-04-03,13.65,13.25,13.68,13.23
Ford,F,2024-04-04,13.21,13.9,13.95,13.17
Ford,F,2024-04-05,13.28,13.27,13.395,13.09
Ford,F,2024-04-08,13.41,13.345,13.54,13.345
Ford,F,2024-04-09,13.54,13.47,13.59,13.34
Ford,F,2024-04-10,13.06,13.26,13.29,12.95
Ford,F,2024-04-11,13.04,13.11,13.14,12.91
Ford,F,2024-04-12,12.61,12.92,12.92,12.5
Ford,F,2024-04-15,12.23,12.74,12.815,12.18
Ford,F,2024-04-16,12.09,12.14,12.25,11.9412
Ford,F,2024-04-17,12.04,12.135,12.249,12.02
Ford,F,2024-04-18,12.06,12.08,12.17,11.98
Ford,F,2024-04-19,12.14,12.02,12.23,12.02
Ford,F,2024-04-22,12.88,12.31,12.9,12.25
Ford,F,2024-04-23,12.94,13.05,13.05,12.82
Ford,F,2024-04-24,12.95,12.94,13.0499,12.78
Ford,F,2024-04-25,13.04,12.85,13.18,12.63
Ford,F,2024-04-26,12.79,12.76,13.02,12.61
Ford,F,2024-04-29,12.75,12.81,12.84,12.55
Ford,F,2024-04-30,12.15,12.6,12.6,12.13
Ford,F,2024-05-01,12.2,12.16,12.43,12.15
Ford,F,2024-05-02,12.49,12.4,12.55,12.36
Ford,F,2024-05-03,12.43,12.64,12.76,12.39
Ford,F,2024-05-06,12.5,12.54,12.62,12.4575
Ford,F,2024-05-07,12.17,12.4,12.45,12.085
Ford,F,2024-05-08,12.15,12.08,12.25,12.02
Ford,F,2024-05-09,12.13,12.14,12.22,12.06
Ford,F,2024-05-10,11.99,12.145,12.17,11.9122
Ford,F,2024-05-13,12.33,12.05,12.45,12.05
Ford,F,2024-05-14,12.44,12.44,12.64,12.36
Ford,F,2024-05-15,12.31,12.49,12.56,12.18
Ford,F,2024-05-16,12.38,12.27,12.48,12.26
Ford,F,2024-05-17,12.28,12.37,12.38,12.25
Ford,F,2024-05-20,12.15,12.27,12.33,12.14
Ford,F,2024-05-21,12.15,12.16,12.203,12.03
Ford,F,2024-05-22,12.03,12.06,12.08,11.97
Ford,F,2024-05-23,12.11,12.1,12.22,12.01
Ford,F,2024-05-24,12.16,12.16,12.27,12.04
Ford,F,2024-05-28,11.68,12.11,12.13,11.66
Ford,F,2024-05-29,11.56,11.57,11.65,11.5
Ford,F,2024-05-30,11.77,11.58,11.78,11.48
Ford,F,2024-05-31,12.13,11.77,12.15,11.66
Ford,F,2024-06-03,12.19,12.25,12.32,12.02
Ford,F,2024-06-04,12.03,12.08,12.13,11.96
Ford,F,2024-06-05,12.07,12.05,12.12,11.82
Ford,F,2024-06-06,12.07,11.98,12.1,11.96
Ford,F,2024-06-07,12.15,12.0,12.16,11.95
Ford,F,2024-06-10,12.38,12.13,12.52,12.1
Ford,F,2024-06-11,12.11,12.32,12.355,12.05
Ford,F,2024-06-12,12.08,12.28,12.37,12.03
Ford,F,2024-06-13,11.94,12.08,12.085,11.85
Ford,F,2024-06-14,11.71,11.8,11.83,11.55
Ford,F,2024-06-17,11.85,11.66,11.89,11.66
Ford,F,2024-06-18,11.78,11.81,11.935,11.77
Ford,F,2024-06-20,11.94,11.71,11.97,11.65
Ford,F,2024-06-21,11.84,11.9,11.91,11.76
Ford,F,2024-06-24,12.23,11.93,12.25,11.92
Ford,F,2024-06-25,12.09,12.17,12.21,12.03
Ford,F,2024-06-26,12.11,12.01,12.13,11.945
Ford,F,2024-06-27,12.23,12.08,12.38,12.045
Ford,F,2024-06-28,12.54,12.26,12.62,12.26
Ford,F,2024-07-01,12.76,12.56,12.87,12.53
Ford,F,2024-07-02,12.87,12.83,12.95,12.72
Ford,F,2024-07-03,12.87,12.89,12.96,12.8
Ford,F,2024-07-05,12.84,12.87,12.96,12.75
Ford,F,2024-07-08,12.98,12.97,13.2,12.915
Ford,F,2024-07-09,12.9,12.96,13.07,12.88
Ford,F,2024-07-10,13.17,12.95,13.21,12.91
Ford,F,2024-07-11,13.47,13.25,13.54,13.25
Ford,F,2024-07-12,14.03,13.53,14.21,13.53
Ford,F,2024-07-15,14.23,14.21,14.43,14.12
Ford,F,2024-07-16,14.39,14.27,14.47,14.19
Ford,F,2024-07-17,14.48,14.29,14.63,14.28
Ford,F,2024-07-18,14.55,14.51,14.85,14.45
Ford,F,2024-07-19,13.98,14.49,14.5,13.96
Ford,F,2024-07-22,14.12,14.0201,14.18,13.79
Ford,F,2024-07-23,13.83,14.06,14.07,13.57
Ford,F,2024-07-24,13.67,13.73,13.875,13.59
Ford,F,2024-07-25,11.16,11.8,11.98,11.15
Ford,F,2024-07-26,11.19,11.205,11.36,11.05
Ford,F,2024-07-29,11.01,11.18,11.18,10.8
Ford,F,2024-07-30,10.84,11.03,11.11,10.78
Ford,F,2024-07-31,10.82,10.86,11.01,10.72
Ford,F,2024-08-01,10.69,10.86,10.92,10.605
Ford,F,2024-08-02,10.03,10.55,10.55,10.0
Ford,F,2024-08-05,9.71,9.56,9.9,9.49
Ford,F,2024-08-06,9.78,9.79,9.86,9.675
Ford,F,2024-08-07,9.77,9.85,9.98,9.75
Ford,F,2024-08-08,10.13,9.8,10.25,9.8
Ford,F,2024-08-09,10.1,10.08,10.17,9.97
Ford,F,2024-08-12,9.86,10.1,10.104,9.84
Ford,F,2024-08-13,10.14,9.92,10.15,9.77
Ford,F,2024-08-14,10.18,10.16,10.24,10.05
Ford,F,2024-08-15,10.46,10.37,10.5,10.37
Polestar,PSNY.O,2024-04-01,1.56,1.59,1.61,1.51
Polestar,PSNY.O,2024-04-02,1.52,1.54,1.54,1.48
Polestar,PSNY.O,2024-04-03,1.57,1.52,1.58,1.49
Polestar,PSNY.O,2024-04-04,1.53,1.58,1.64,1.52
Polestar,PSNY.O,2024-04-05,1.56,1.54,1.58,1.5
Polestar,PSNY.O,2024-04-08,1.68,1.56,1.72,1.56
Polestar,PSNY.O,2024-04-09,1.65,1.69,1.775,1.58
Polestar,PSNY.O,2024-04-10,1.59,1.62,1.645,1.57
Polestar,PSNY.O,2024-04-11,1.46,1.58,1.63,1.43
Polestar,PSNY.O,2024-04-12,1.455,1.47,1.55,1.45
Polestar,PSNY.O,2024-04-15,1.32,1.35,1.36,1.24
Polestar,PSNY.O,2024-04-16,1.305,1.31,1.36,1.26
Polestar,PSNY.O,2024-04-17,1.31,1.26,1.32,1.26
Polestar,PSNY.O,2024-04-18,1.33,1.29,1.445,1.26
Polestar,PSNY.O,2024-04-19,1.35,1.33,1.43,1.29
Polestar,PSNY.O,2024-04-22,1.34,1.34,1.34,1.26
Polestar,PSNY.O,2024-04-23,1.27,1.3,1.32,1.26
Polestar,PSNY.O,2024-04-24,1.24,1.26,1.27,1.2
Polestar,PSNY.O,2024-04-25,1.17,1.22,1.22,1.16
Polestar,PSNY.O,2024-04-26,1.18,1.18,1.22,1.17
Polestar,PSNY.O,2024-04-29,1.23,1.22,1.265,1.2
Polestar,PSNY.O,2024-04-30,1.39,1.25,1.41,1.22
Polestar,PSNY.O,2024-05-01,1.4,1.28,1.41,1.2222
Polestar,PSNY.O,2024-05-02,1.37,1.42,1.47,1.36
Polestar,PSNY.O,2024-05-03,1.34,1.4,1.44,1.32
Polestar,PSNY.O,2024-05-06,1.3,1.35,1.39,1.28
Polestar,PSNY.O,2024-05-07,1.32,1.3,1.34,1.28
Polestar,PSNY.O,2024-05-08,1.34,1.32,1.34,1.29
Polestar,PSNY.O,2024-05-09,1.34,1.33,1.38,1.3251
Polestar,PSNY.O,2024-05-10,1.27,1.39,1.4,1.26
Polestar,PSNY.O,2024-05-13,1.34,1.31,1.35,1.29
Polestar,PSNY.O,2024-05-14,1.33,1.37,1.45,1.31
Polestar,PSNY.O,2024-05-15,1.37,1.37,1.4,1.31
Polestar,PSNY.O,2024-05-16,1.28,1.37,1.37,1.28
Polestar,PSNY.O,2024-05-17,1.24,1.28,1.29,1.18
Polestar,PSNY.O,2024-05-20,1.1,1.2,1.21,1.09
Polestar,PSNY.O,2024-05-21,0.95,1.03,1.05,0.95
Polestar,PSNY.O,2024-05-22,0.9227,0.9856,1.0187,0.91
Polestar,PSNY.O,2024-05-23,0.8401,0.94,0.94,0.7381
Polestar,PSNY.O,2024-05-24,0.78,0.7999,0.87,0.7412
Polestar,PSNY.O,2024-05-28,0.7701,0.7954,0.8338,0.7659
Polestar,PSNY.O,2024-05-29,0.7276,0.7834,0.7898,0.72
Polestar,PSNY.O,2024-05-30,0.7544,0.7441,0.78,0.72
Polestar,PSNY.O,2024-05-31,0.7829,0.8193,0.862749,0.782
Polestar,PSNY.O,2024-06-03,0.8104,0.835,0.8488,0.8036
Polestar,PSNY.O,2024-06-04,0.7518,0.8251,0.8334,0.7506
Polestar,PSNY.O,2024-06-05,0.7712,0.78,0.7816,0.756
Polestar,PSNY.O,2024-06-06,0.8052,0.78,0.82,0.76
Polestar,PSNY.O,2024-06-07,0.7837,0.81,0.819,0.7713
Polestar,PSNY.O,2024-06-10,0.7855,0.7913,0.7959,0.76
Polestar,PSNY.O,2024-06-11,0.76,0.7984,0.7984,0.76
Polestar,PSNY.O,2024-06-12,0.7643,0.7628,0.793999,0.7628
Polestar,PSNY.O,2024-06-13,0.72,0.7661,0.7798,0.72
Polestar,PSNY.O,2024-06-14,0.68,0.73,0.731,0.675
Polestar,PSNY.O,2024-06-17,0.8429,0.72,0.89,0.71
Polestar,PSNY.O,2024-06-18,0.6903,0.8398,0.8429,0.6875
Polestar,PSNY.O,2024-06-20,0.7009,0.7401,0.75,0.68
Polestar,PSNY.O,2024-06-21,0.7029,0.72,0.73,0.6601
Polestar,PSNY.O,2024-06-24,0.7032,0.7201,0.76,0.69
Polestar,PSNY.O,2024-06-25,0.6801,0.729,0.729,0.6757
Polestar,PSNY.O,2024-06-26,0.7054,0.69,0.7133,0.65
Polestar,PSNY.O,2024-06-27,0.8256,0.7085,0.85,0.7
Polestar,PSNY.O,2024-06-28,0.7866,0.8,0.8256,0.743
Polestar,PSNY.O,2024-07-01,0.9158,0.8,0.9724,0.79995
Polestar,PSNY.O,2024-07-02,0.9047,0.895,0.9798,0.8205
Polestar,PSNY.O,2024-07-03,0.8902,0.89,0.9798,0.89
Polestar,PSNY.O,2024-07-05,0.9734,0.9099,1.01,0.9
Polestar,PSNY.O,2024-07-08,0.8934,1.0,1.1,0.87
Polestar,PSNY.O,2024-07-09,0.9461,0.901,0.96,0.85
Polestar,PSNY.O,2024-07-10,0.9206,0.9461,0.97,0.889
Polestar,PSNY.O,2024-07-11,0.9257,0.9306,1.01,0.8955
Polestar,PSNY.O,2024-07-12,1.01,0.94,1.03,0.9325
Polestar,PSNY.O,2024-07-15,0.94,1.01,1.02,0.931449
Polestar,PSNY.O,2024-07-16,0.973,0.955,0.9846,0.8853
Polestar,PSNY.O,2024-07-17,0.9679,0.9747,1.01,0.9257
Polestar,PSNY.O,2024-07-18,0.9,0.9679,0.9979,0.8903
Polestar,PSNY.O,2024-07-19,0.8747,0.91,0.912128,0.8301
Polestar,PSNY.O,2024-07-22,0.8364,0.8998,0.8998,0.82
Polestar,PSNY.O,2024-07-23,0.7896,0.837,0.86,0.785
Polestar,PSNY.O,2024-07-24,0.7405,0.7841,0.785,0.722
Polestar,PSNY.O,2024-07-25,0.76,0.7498,0.784,0.7329
Polestar,PSNY.O,2024-07-26,0.758,0.77,0.77,0.7325
Polestar,PSNY.O,2024-07-29,0.7522,0.7642,0.7688,0.7301
Polestar,PSNY.O,2024-07-30,0.7216,0.7597,0.7598,0.72
Polestar,PSNY.O,2024-07-31,0.7353,0.7245,0.77,0.721
Polestar,PSNY.O,2024-08-01,0.7004,0.7353,0.7498,0.6851
Polestar,PSNY.O,2024-08-02,0.6905,0.68,0.698051,0.6425
Polestar,PSNY.O,2024-08-05,0.6357,0.64,0.675,0.6101
Polestar,PSNY.O,2024-08-06,0.6673,0.6601,0.6751,0.645
Polestar,PSNY.O,2024-08-07,0.629,0.6876,0.6879,0.6261
Polestar,PSNY.O,2024-08-08,0.6855,0.65,0.6903,0.642399
Polestar,PSNY.O,2024-08-09,0.6675,0.6863,0.7657,0.6532
Polestar,PSNY.O,2024-08-12,0.7313,0.665,0.744829,0.6508
Polestar,PSNY.O,2024-08-13,0.7778,0.73,0.816,0.7201
Polestar,PSNY.O,2024-08-14,0.7565,0.8,0.84,0.722
Polestar,PSNY.O,2024-08-15,0.7407,0.74,0.76,0.72
Stellantis,STLAM.MI,2024-04-02,25.48,26.3,26.41,25.415
Stellantis,STLAM.MI,2024-04-03,25.015,25.48,25.485,24.625
Stellantis,STLAM.MI,2024-04-04,25.05,25.06,25.4,24.86
Stellantis,STLAM.MI,2024-04-05,24.6,24.5,24.72,24.345
Stellantis,STLAM.MI,2024-04-08,24.895,24.585,25.0,24.55
Stellantis,STLAM.MI,2024-04-09,25.075,24.81,25.35,24.675
Stellantis,STLAM.MI,2024-04-10,25.23,25.34,25.59,24.92
Stellantis,STLAM.MI,2024-04-11,25.21,25.04,25.37,24.905
Stellantis,STLAM.MI,2024-04-12,24.385,25.36,25.36,24.24
Stellantis,STLAM.MI,2024-04-15,24.995,24.675,25.44,24.64
Stellantis,STLAM.MI,2024-04-16,24.25,24.42,24.56,24.045
Stellantis,STLAM.MI,2024-04-17,24.27,24.32,24.51,24.195
Stellantis,STLAM.MI,2024-04-18,24.35,24.36,24.36,24.08
Stellantis,STLAM.MI,2024-04-19,24.23,23.99,24.32,23.745
Stellantis,STLAM.MI,2024-04-22,23.135,23.08,23.32,22.575
Stellantis,STLAM.MI,2024-04-23,23.305,23.165,23.73,23.105
Stellantis,STLAM.MI,2024-04-24,23.275,23.485,23.575,23.22
Stellantis,STLAM.MI,2024-04-25,22.89,23.295,23.59,22.765
Stellantis,STLAM.MI,2024-04-26,23.045,23.19,23.33,23.045
Stellantis,STLAM.MI,2024-04-29,23.225,23.285,23.325,22.925
Stellantis,STLAM.MI,2024-04-30,20.88,22.89,23.025,20.84
Stellantis,STLAM.MI,2024-05-02,19.98,20.85,20.875,19.902
Stellantis,STLAM.MI,2024-05-03,20.33,20.2,20.46,19.988
Stellantis,STLAM.MI,2024-05-06,20.23,20.445,20.445,20.085
Stellantis,STLAM.MI,2024-05-07,20.2,20.34,20.385,20.125
Stellantis,STLAM.MI,2024-05-08,19.8,20.22,20.22,19.648
Stellantis,STLAM.MI,2024-05-09,20.23,19.924,20.305,19.904
Stellantis,STLAM.MI,2024-05-10,20.28,20.21,20.43,20.08
Stellantis,STLAM.MI,2024-05-13,21.03,20.395,21.12,20.325
Stellantis,STLAM.MI,2024-05-14,21.47,21.145,21.57,21.04
Stellantis,STLAM.MI,2024-05-15,21.375,21.535,21.56,21.22
Stellantis,STLAM.MI,2024-05-16,21.17,21.245,21.31,20.91
Stellantis,STLAM.MI,2024-05-17,20.79,21.07,21.1,20.725
Stellantis,STLAM.MI,2024-05-20,20.675,20.855,20.91,20.635
Stellantis,STLAM.MI,2024-05-21,20.435,20.55,20.555,20.36
Stellantis,STLAM.MI,2024-05-22,20.395,20.32,20.465,20.045
Stellantis,STLAM.MI,2024-05-23,20.36,20.5,20.78,20.33
Stellantis,STLAM.MI,2024-05-24,20.55,20.25,20.62,20.205
Stellantis,STLAM.MI,2024-05-27,20.855,20.66,20.92,20.59
Stellantis,STLAM.MI,2024-05-28,20.7,20.955,21.065,20.51
Stellantis,STLAM.MI,2024-05-29,20.33,20.7,20.715,20.15
Stellantis,STLAM.MI,2024-05-30,20.475,20.15,20.675,20.15
Stellantis,STLAM.MI,2024-05-31,20.2,20.495,20.59,20.165
Stellantis,STLAM.MI,2024-06-03,20.14,20.545,20.665,20.135
Stellantis,STLAM.MI,2024-06-04,19.926,20.01,20.16,19.822
Stellantis,STLAM.MI,2024-06-05,20.18,20.02,20.395,19.974
Stellantis,STLAM.MI,2024-06-06,20.31,20.35,20.42,20.175
Stellantis,STLAM.MI,2024-06-07,20.19,20.34,20.38,19.968
Stellantis,STLAM.MI,2024-06-10,20.255,19.812,20.255,19.692
Stellantis,STLAM.MI,2024-06-11,20.075,20.285,20.405,19.91
Stellantis,STLAM.MI,2024-06-12,20.22,20.085,20.28,19.768
Stellantis,STLAM.MI,2024-06-13,19.66,20.205,20.205,19.538
Stellantis,STLAM.MI,2024-06-14,18.82,19.578,19.722,18.556
Stellantis,STLAM.MI,2024-06-17,18.984,18.972,19.21,18.822
Stellantis,STLAM.MI,2024-06-18,19.026,19.21,19.246,18.948
Stellantis,STLAM.MI,2024-06-19,18.98,19.016,19.22,18.94
Stellantis,STLAM.MI,2024-06-20,19.074,18.95,19.244,18.938
Stellantis,STLAM.MI,2024-06-21,19.032,18.96,19.308,18.888
Stellantis,STLAM.MI,2024-06-24,19.386,19.104,19.512,19.082
Stellantis,STLAM.MI,2024-06-25,19.37,19.314,19.54,19.24
Stellantis,STLAM.MI,2024-06-26,19.342,19.268,19.43,19.13
Stellantis,STLAM.MI,2024-06-27,18.544,19.172,19.222,18.474
Stellantis,STLAM.MI,2024-06-28,18.47,18.622,18.638,18.21
Stellantis,STLAM.MI,2024-07-01,18.634,18.862,19.022,18.572
Stellantis,STLAM.MI,2024-07-02,18.208,18.48,18.494,17.902
Stellantis,STLAM.MI,2024-07-03,18.316,18.208,18.416,18.074
Stellantis,STLAM.MI,2024-07-04,18.298,18.408,18.408,18.11
Stellantis,STLAM.MI,2024-07-05,18.108,18.352,18.486,18.02
Stellantis,STLAM.MI,2024-07-08,18.02,17.998,18.29,17.868
Stellantis,STLAM.MI,2024-07-09,18.068,17.944,18.21,17.8
Stellantis,STLAM.MI,2024-07-10,18.48,18.104,18.48,17.984
Stellantis,STLAM.MI,2024-07-11,18.564,18.54,18.618,18.358
Stellantis,STLAM.MI,2024-07-12,18.64,18.62,18.726,18.518
Stellantis,STLAM.MI,2024-07-15,18.656,18.63,18.69,18.512
Stellantis,STLAM.MI,2024-07-16,18.492,18.488,18.556,18.312
Stellantis,STLAM.MI,2024-07-17,18.658,18.436,18.692,18.282
Stellantis,STLAM.MI,2024-07-18,19.006,18.776,19.29,18.65
Stellantis,STLAM.MI,2024-07-19,18.584,18.78,18.874,18.46
Stellantis,STLAM.MI,2024-07-22,18.814,18.65,18.89,18.65
Stellantis,STLAM.MI,2024-07-23,18.378,18.894,19.168,18.258
Stellantis,STLAM.MI,2024-07-24,18.26,18.2,18.334,18.09
Stellantis,STLAM.MI,2024-07-25,16.674,16.66,17.088,15.96
Stellantis,STLAM.MI,2024-07-26,16.166,16.62,16.64,16.036
Stellantis,STLAM.MI,2024-07-29,15.628,16.244,16.282,15.464
Stellantis,STLAM.MI,2024-07-30,15.486,15.558,15.942,15.416
Stellantis,STLAM.MI,2024-07-31,15.404,15.444,15.68,15.28
Stellantis,STLAM.MI,2024-08-01,15.19,15.324,15.496,15.144
Stellantis,STLAM.MI,2024-08-02,14.684,14.93,14.952,14.33
Stellantis,STLAM.MI,2024-08-05,14.304,14.17,14.474,14.08
Stellantis,STLAM.MI,2024-08-06,14.17,14.522,14.546,14.004
Stellantis,STLAM.MI,2024-08-07,14.238,14.212,14.494,14.03
Stellantis,STLAM.MI,2024-08-08,14.238,14.1,14.248,13.98
Stellantis,STLAM.MI,2024-08-09,14.064,14.3,14.4,13.976
Stellantis,STLAM.MI,2024-08-12,13.98,14.11,14.17,13.968
Stellantis,STLAM.MI,2024-08-13,13.878,13.948,13.986,13.692
Stellantis,STLAM.MI,2024-08-14,14.096,14.074,14.25,13.982
Tesla,TSLA.O,2024-04-01,175.22,176.17,176.75,170.21
Tesla,TSLA.O,2024-04-02,166.63,164.75,167.69,163.43
Tesla,TSLA.O,2024-04-03,168.38,164.02,168.82,163.28
Tesla,TSLA.O,2024-04-04,171.11,170.07,177.19,168.01
Tesla,TSLA.O,2024-04-05,164.9,169.08,170.86,160.51
Tesla,TSLA.O,2024-04-08,172.98,169.34,174.5,167.79
Tesla,TSLA.O,2024-04-09,176.88,172.91,179.22,171.92
Tesla,TSLA.O,2024-04-10,171.76,173.04,174.93,170.01
Tesla,TSLA.O,2024-04-11,174.6,172.55,175.88,168.51
Tesla,TSLA.O,2024-04-12,171.05,172.34,173.8099,170.3644
Tesla,TSLA.O,2024-04-15,161.48,170.24,170.69,161.38
Tesla,TSLA.O,2024-04-16,157.11,156.742,158.19,153.75
Tesla,TSLA.O,2024-04-17,155.45,157.64,158.33,153.78
Tesla,TSLA.O,2024-04-18,149.93,151.25,152.2,148.7
Tesla,TSLA.O,2024-04-19,147.05,148.97,150.94,146.22
Tesla,TSLA.O,2024-04-22,142.05,140.56,144.44,138.8025
Tesla,TSLA.O,2024-04-23,144.68,143.33,147.26,141.11
Tesla,TSLA.O,2024-04-24,162.13,162.84,167.97,157.51
Tesla,TSLA.O,2024-04-25,170.18,158.96,170.88,158.36
Tesla,TSLA.O,2024-04-26,168.29,168.85,172.12,166.37
Tesla,TSLA.O,2024-04-29,194.05,188.42,198.87,184.54
Tesla,TSLA.O,2024-04-30,183.28,186.98,190.95,182.8401
Tesla,TSLA.O,2024-05-01,179.99,182.0,185.86,179.01
Tesla,TSLA.O,2024-05-02,180.01,182.86,184.6,176.02
Tesla,TSLA.O,2024-05-03,181.19,182.1,184.78,178.42
Tesla,TSLA.O,2024-05-06,184.76,183.8,187.56,182.2
Tesla,TSLA.O,2024-05-07,177.81,182.4,183.26,177.4
Tesla,TSLA.O,2024-05-08,174.72,171.59,176.06,170.15
Tesla,TSLA.O,2024-05-09,171.97,175.01,175.62,171.37
Tesla,TSLA.O,2024-05-10,168.47,173.05,173.0599,167.75
Tesla,TSLA.O,2024-05-13,171.89,170.0,175.4,169.0
Tesla,TSLA.O,2024-05-14,177.55,174.4959,179.49,174.07
Tesla,TSLA.O,2024-05-15,173.99,179.9,180.0,173.11
Tesla,TSLA.O,2024-05-16,174.84,174.1,175.79,171.43
Tesla,TSLA.O,2024-05-17,177.46,173.55,179.63,172.75
Tesla,TSLA.O,2024-05-20,174.95,177.56,177.754,173.52
Tesla,TSLA.O,2024-05-21,186.6,175.51,186.875,174.71
Tesla,TSLA.O,2024-05-22,180.11,182.85,183.8,178.12
Tesla,TSLA.O,2024-05-23,173.74,181.8,181.9,173.26
Tesla,TSLA.O,2024-05-24,179.24,174.835,180.08,173.73
Tesla,TSLA.O,2024-05-28,176.75,176.4,178.25,173.16
Tesla,TSLA.O,2024-05-29,176.19,174.19,178.15,173.93
Tesla,TSLA.O,2024-05-30,178.79,178.575,182.67,175.38
Tesla,TSLA.O,2024-05-31,178.08,178.5,180.32,173.82
Tesla,TSLA.O,2024-06-03,176.29,178.13,182.6389,174.49
Tesla,TSLA.O,2024-06-04,174.77,174.775,177.755,174.0
Tesla,TSLA.O,2024-06-05,175.0,175.35,176.15,172.13
Tesla,TSLA.O,2024-06-06,177.94,174.6,179.73,172.73
Tesla,TSLA.O,2024-06-07,177.48,176.13,179.35,175.58
Tesla,TSLA.O,2024-06-10,173.79,176.06,178.57,173.17
Tesla,TSLA.O,2024-06-11,170.66,173.92,174.75,167.41
Tesla,TSLA.O,2024-06-12,177.29,171.12,180.55,169.8
Tesla,TSLA.O,2024-06-13,182.47,188.39,191.08,181.23
Tesla,TSLA.O,2024-06-14,178.01,185.8,186.0,176.92
Tesla,TSLA.O,2024-06-17,187.44,177.92,188.81,177.0
Tesla,TSLA.O,2024-06-18,184.86,186.56,187.2,182.37
Tesla,TSLA.O,2024-06-20,181.57,184.68,185.21,179.66
Tesla,TSLA.O,2024-06-21,183.01,182.3,183.95,180.69
Tesla,TSLA.O,2024-06-24,182.58,184.97,188.8,182.55
Tesla,TSLA.O,2024-06-25,187.35,184.4,187.97,182.01
Tesla,TSLA.O,2024-06-26,196.37,186.54,197.755,186.36
Tesla,TSLA.O,2024-06-27,197.42,195.17,198.72,194.05
Tesla,TSLA.O,2024-06-28,197.88,199.55,203.2,195.26
Tesla,TSLA.O,2024-07-01,209.86,201.02,213.23,200.85
Tesla,TSLA.O,2024-07-02,231.26,218.89,231.3,218.06
Tesla,TSLA.O,2024-07-03,246.39,234.56,248.35,234.25
Tesla,TSLA.O,2024-07-05,251.52,249.81,252.37,242.4601
Tesla,TSLA.O,2024-07-08,252.94,247.71,259.439,244.57
Tesla,TSLA.O,2024-07-09,262.33,251.0,265.61,250.3
Tesla,TSLA.O,2024-07-10,263.26,262.8,267.59,257.86
Tesla,TSLA.O,2024-07-11,241.03,263.3,271.0,239.65
Tesla,TSLA.O,2024-07-12,248.23,235.8,251.84,233.0912
Tesla,TSLA.O,2024-07-15,252.64,255.97,265.6,251.73
Tesla,TSLA.O,2024-07-16,256.56,255.31,258.62,245.8001
Tesla,TSLA.O,2024-07-17,248.5,252.73,258.47,246.182
Tesla,TSLA.O,2024-07-18,249.23,251.09,257.14,247.2
Tesla,TSLA.O,2024-07-19,239.2,247.79,249.44,236.83
Tesla,TSLA.O,2024-07-22,251.51,244.21,253.21,243.75
Tesla,TSLA.O,2024-07-23,246.38,253.6,255.7594,245.63
Tesla,TSLA.O,2024-07-24,215.99,225.42,225.99,214.71
Tesla,TSLA.O,2024-07-25,220.25,216.8,226.0,216.231
Tesla,TSLA.O,2024-07-26,219.8,221.19,222.2799,215.33
Tesla,TSLA.O,2024-07-29,232.1,224.9,234.27,224.7
Tesla,TSLA.O,2024-07-30,222.62,232.25,232.41,220.0
Tesla,TSLA.O,2024-07-31,232.07,227.9,234.68,226.7875
Tesla,TSLA.O,2024-08-01,216.86,227.69,231.867,214.3328
Tesla,TSLA.O,2024-08-02,207.67,214.88,216.13,205.78
Tesla,TSLA.O,2024-08-05,198.88,185.22,203.8799,182.0
Tesla,TSLA.O,2024-08-06,200.64,200.75,202.9,192.67
Tesla,TSLA.O,2024-08-07,191.76,200.77,203.49,191.48
Tesla,TSLA.O,2024-08-08,198.84,195.7,200.7,192.04
Tesla,TSLA.O,2024-08-09,200.0,197.05,200.88,195.11
Tesla,TSLA.O,2024-08-12,197.49,199.02,199.26,194.67
Tesla,TSLA.O,2024-08-13,207.83,198.47,208.49,197.06
Tesla,TSLA.O,2024-08-14,201.38,207.39,208.44,198.75
Tesla,TSLA.O,2024-08-15,214.14,205.02,215.88,204.82
Toyota,TM,2024-04-01,242.15,242.85,242.86,240.22
Toyota,TM,2024-04-02,239.89,239.0,240.2377,237.96
Toyota,TM,2024-04-03,241.78,239.5,242.45,239.5
Toyota,TM,2024-04-04,239.16,243.2,243.6655,239.02
Toyota,TM,2024-04-05,240.74,239.0,241.83,238.58
Toyota,TM,2024-04-08,244.21,243.4,245.84,243.325
Toyota,TM,2024-04-09,246.93,247.86,248.47,245.68
Toyota,TM,2024-04-10,244.79,246.0,246.12,243.86
Toyota,TM,2024-04-11,246.99,246.5,247.1537,244.4701
Toyota,TM,2024-04-12,242.97,245.01,245.27,242.63
Toyota,TM,2024-04-15,241.67,245.71,246.07,241.33
Toyota,TM,2024-04-16,236.52,236.29,237.37,234.64
Toyota,TM,2024-04-17,233.97,234.59,235.29,233.01
Toyota,TM,2024-04-18,231.84,233.73,234.11,231.695
Toyota,TM,2024-04-19,228.72,229.5,229.79,227.38
Toyota,TM,2024-04-22,230.3,228.18,231.1525,227.88
Toyota,TM,2024-04-23,230.41,228.1,230.6439,227.82
Toyota,TM,2024-04-24,232.88,232.85,233.99,231.83
Toyota,TM,2024-04-25,225.36,223.0,225.49,222.385
Toyota,TM,2024-04-26,226.71,225.0,226.98,224.57
Toyota,TM,2024-04-29,227.94,228.0,228.45,227.18
Toyota,TM,2024-04-30,227.31,229.94,229.94,227.0
Toyota,TM,2024-05-01,226.83,228.31,228.84,226.56
Toyota,TM,2024-05-02,230.8,230.3,231.41,229.3702
Toyota,TM,2024-05-03,232.87,232.06,233.35,231.358
Toyota,TM,2024-05-06,235.6,233.62,235.68,233.57
Toyota,TM,2024-05-07,231.26,233.28,233.28,230.91
Toyota,TM,2024-05-08,231.78,231.12,232.43,227.0
Toyota,TM,2024-05-09,227.24,227.51,228.03,226.73
Toyota,TM,2024-05-10,218.78,220.93,221.055,218.14
Toyota,TM,2024-05-13,215.64,217.1,217.13,215.3
Toyota,TM,2024-05-14,217.12,216.5,217.61,216.21
Toyota,TM,2024-05-15,219.55,218.9,219.9399,218.3035
Toyota,TM,2024-05-16,215.63,216.84,217.0371,215.6
Toyota,TM,2024-05-17,219.76,219.93,220.42,219.0901
Toyota,TM,2024-05-20,220.5,220.31,221.0888,219.9
Toyota,TM,2024-05-21,219.36,219.8,220.44,219.19
Toyota,TM,2024-05-22,216.63,217.47,217.61,216.28
Toyota,TM,2024-05-23,214.72,218.09,218.09,214.3109
Toyota,TM,2024-05-24,216.84,216.1,217.02,215.95
Toyota,TM,2024-05-28,218.72,219.0,219.53,217.41
Toyota,TM,2024-05-29,213.95,215.37,215.37,213.74
Toyota,TM,2024-05-30,214.17,213.52,214.905,213.2938
Toyota,TM,2024-05-31,217.51,216.89,217.51,215.54
Toyota,TM,2024-06-03,212.17,212.29,213.54,211.1801
Toyota,TM,2024-06-04,210.38,211.0,211.34,210.04
Toyota,TM,2024-06-05,208.33,208.0,208.565,206.29
Toyota,TM,2024-06-06,210.04,209.59,210.94,209.28
Toyota,TM,2024-06-07,206.36,206.5,207.7,206.2
Toyota,TM,2024-06-10,208.02,207.5,208.61,207.28
Toyota,TM,2024-06-11,205.31,206.5,207.0,204.5
Toyota,TM,2024-06-12,205.65,207.52,207.52,205.58
Toyota,TM,2024-06-13,199.35,200.25,200.38,198.18
Toyota,TM,2024-06-14,197.13,196.5,197.79,195.42
Toyota,TM,2024-06-17,195.2,193.2,195.67,193.2
Toyota,TM,2024-06-18,194.14,193.89,194.73,193.4512
Toyota,TM,2024-06-20,194.54,194.0,194.74,193.31
Toyota,TM,2024-06-21,193.58,193.7,194.2,193.38
Toyota,TM,2024-06-24,198.98,197.5,199.4299,197.2749
Toyota,TM,2024-06-25,206.22,205.5,206.61,205.13
Toyota,TM,2024-06-26,203.18,203.55,204.2208,202.38
Toyota,TM,2024-06-27,203.88,203.4,204.94,203.34
Toyota,TM,2024-06-28,204.97,205.07,206.27,204.41
Toyota,TM,2024-07-01,203.71,204.8,205.13,203.205
Toyota,TM,2024-07-02,206.21,205.0,206.21,204.75
Toyota,TM,2024-07-03,206.25,205.87,206.31,205.17
Toyota,TM,2024-07-05,206.45,206.29,206.55,205.09
Toyota,TM,2024-07-08,204.94,204.72,205.67,204.3036
Toyota,TM,2024-07-09,201.67,203.0,203.19,201.67
Toyota,TM,2024-07-10,205.88,204.63,206.18,203.78
Toyota,TM,2024-07-11,203.73,205.31,205.65,203.73
Toyota,TM,2024-07-12,207.59,206.53,208.8599,206.03
Toyota,TM,2024-07-15,206.91,208.18,208.21,206.76
Toyota,TM,2024-07-16,206.6,206.23,206.8142,205.68
Toyota,TM,2024-07-17,204.39,204.73,205.145,203.31
Toyota,TM,2024-07-18,199.85,201.93,202.22,199.54
Toyota,TM,2024-07-19,197.15,199.28,199.28,197.03
Toyota,TM,2024-07-22,200.14,198.7,200.1487,198.1183
Toyota,TM,2024-07-23,200.79,200.18,201.33,200.03
Toyota,TM,2024-07-24,197.2,199.79,199.79,197.08
Toyota,TM,2024-07-25,195.25,197.43,197.43,193.73
Toyota,TM,2024-07-26,192.52,190.74,192.84,190.51
Toyota,TM,2024-07-29,192.48,193.0,193.2,191.8067
Toyota,TM,2024-07-30,193.11,194.96,195.48,192.265
Toyota,TM,2024-07-31,193.55,194.18,194.89,192.9
Toyota,TM,2024-08-01,179.07,181.57,184.6799,178.565
Toyota,TM,2024-08-02,173.02,173.72,173.89,171.5
Toyota,TM,2024-08-05,168.35,160.89,170.95,159.04
Toyota,TM,2024-08-06,169.6,169.91,170.5,167.585
Toyota,TM,2024-08-07,167.18,171.61,172.6,167.06
Toyota,TM,2024-08-08,169.37,169.17,170.1,167.6
Toyota,TM,2024-08-09,168.59,167.49,169.48,166.7462
Toyota,TM,2024-08-12,167.97,169.0,169.57,167.561
Toyota,TM,2024-08-13,172.39,171.05,172.6573,170.77
Toyota,TM,2024-08-14,177.01,176.99,178.01,175.94
Toyota,TM,2024-08-15,181.79,181.93,182.32,180.77
Asda,WMT,2024-04-01,60.0,60.31,60.76,59.93
Asda,WMT,2024-04-02,59.16,59.9,60.1,58.88
Asda,WMT,2024-04-03,59.43,59.38,59.5,58.94
Asda,WMT,2024-04-04,59.5,59.54,59.81,59.29
Asda,WMT,2024-04-05,59.85,59.55,60.04,59.49
Asda,WMT,2024-04-08,59.78,59.6,60.04,59.42
Asda,WMT,2024-04-09,59.79,59.87,59.97,59.3
Asda,WMT,2024-04-10,60.62,59.62,60.76,59.39
Asda,WMT,2024-04-11,60.09,60.75,60.89,60.07
Asda,WMT,2024-04-12,60.14,60.0,60.72,59.95
Asda,WMT,2024-04-15,59.93,60.51,60.7,59.91
Asda,WMT,2024-04-16,59.84,60.03,60.29,59.78
Asda,WMT,2024-04-17,59.65,60.15,60.43,59.57
Asda,WMT,2024-04-18,59.26,59.83,59.935,59.22
Asda,WMT,2024-04-19,59.53,59.45,59.67,58.97
Asda,WMT,2024-04-22,60.14,59.56,60.395,59.04
Asda,WMT,2024-04-23,59.09,60.25,60.35,58.555
Asda,WMT,2024-04-24,59.87,58.975,60.04,58.81
Asda,WMT,2024-04-25,60.21,60.05,60.53,59.8325
Asda,WMT,2024-04-26,60.16,60.11,60.39,60.0
Asda,WMT,2024-04-29,60.24,60.18,60.39,59.94
Asda,WMT,2024-04-30,59.35,60.2,60.3,59.16
Asda,WMT,2024-05-01,58.85,59.31,59.41,58.72
Asda,WMT,2024-05-02,59.71,58.94,59.885,58.58
Asda,WMT,2024-05-03,59.82,59.62,59.98,59.14
Asda,WMT,2024-05-06,59.87,60.0,60.0,59.39
Asda,WMT,2024-05-07,60.62,60.17,60.8,60.05
Asda,WMT,2024-05-08,60.3,60.63,60.845,60.22
Asda,WMT,2024-05-09,60.44,60.2,60.5799,59.95
Asda,WMT,2024-05-10,60.48,60.41,60.58,60.16
Asda,WMT,2024-05-13,60.41,60.62,61.345,60.29
Asda,WMT,2024-05-14,59.86,60.52,60.55,59.435
Asda,WMT,2024-05-15,59.83,59.83,59.94,59.47
Asda,WMT,2024-05-16,64.01,64.22,64.415,62.94
Asda,WMT,2024-05-17,64.65,64.24,64.88,63.63
Asda,WMT,2024-05-20,64.18,64.42,64.76,63.87
Asda,WMT,2024-05-21,65.15,64.53,65.19,64.45
Asda,WMT,2024-05-22,65.25,64.98,65.69,64.73
Asda,WMT,2024-05-23,64.84,65.17,65.515,64.56
Asda,WMT,2024-05-24,65.38,65.13,65.69,65.01
Asda,WMT,2024-05-28,65.04,65.22,65.47,64.74
Asda,WMT,2024-05-29,64.92,64.75,65.21,64.65
Asda,WMT,2024-05-30,64.89,64.93,65.1711,64.77
Asda,WMT,2024-05-31,65.76,64.67,65.9,64.16
Asda,WMT,2024-06-03,65.82,65.51,65.84,65.1603
Asda,WMT,2024-06-04,66.6,65.99,66.635,65.835
Asda,WMT,2024-06-05,67.09,66.57,67.15,66.28
Asda,WMT,2024-06-06,67.15,67.06,67.44,66.77
Asda,WMT,2024-06-07,65.88,67.4,67.565,65.635
Asda,WMT,2024-06-10,66.96,67.19,67.33,66.27
Asda,WMT,2024-06-11,66.73,66.95,66.96,66.35
Asda,WMT,2024-06-12,66.31,66.85,66.94,65.898
Asda,WMT,2024-06-13,66.7,66.3,66.76,65.9491
Asda,WMT,2024-06-14,67.02,66.54,67.11,66.3
Asda,WMT,2024-06-17,67.42,66.92,67.44,66.4125
Asda,WMT,2024-06-18,67.6,67.63,67.87,67.295
Asda,WMT,2024-06-20,68.01,67.35,68.13,67.3
Asda,WMT,2024-06-21,67.91,68.26,68.55,67.83
Asda,WMT,2024-06-24,68.9,68.05,69.04,67.9
Asda,WMT,2024-06-25,67.42,67.17,67.59,66.55
Asda,WMT,2024-06-26,68.29,67.4,68.5999,67.21
Asda,WMT,2024-06-27,67.88,68.29,68.58,67.665
Asda,WMT,2024-06-28,67.71,67.87,68.0981,67.32
Asda,WMT,2024-07-01,67.48,67.89,68.24,67.25
Asda,WMT,2024-07-02,68.07,67.44,68.085,67.26
Asda,WMT,2024-07-03,68.24,67.81,68.25,67.62
Asda,WMT,2024-07-05,70.04,68.16,70.15,68.1
Asda,WMT,2024-07-08,69.68,69.9,70.14,69.35
Asda,WMT,2024-07-09,69.9,69.9,70.25,69.67
Asda,WMT,2024-07-10,70.41,70.1,70.44,69.72
Asda,WMT,2024-07-11,69.8,70.18,70.45,69.26
Asda,WMT,2024-07-12,69.24,69.9,70.0299,69.17
Asda,WMT,2024-07-15,69.61,69.3,69.975,69.3
Asda,WMT,2024-07-16,69.99,69.82,70.24,69.58
Asda,WMT,2024-07-17,71.03,70.18,71.1,69.95
Asda,WMT,2024-07-18,70.82,70.68,71.19,70.43
Asda,WMT,2024-07-19,70.75,71.2,71.33,70.65
Asda,WMT,2024-07-22,70.38,70.86,71.26,70.2301
Asda,WMT,2024-07-23,70.65,70.47,70.7,70.11
Asda,WMT,2024-07-24,70.6,70.52,70.84,70.34
Asda,WMT,2024-07-25,70.02,70.6,70.77,69.95
Asda,WMT,2024-07-26,69.78,70.23,70.235,68.83
Asda,WMT,2024-07-29,69.62,69.85,69.9,69.13
Asda,WMT,2024-07-30,69.19,69.55,69.845,68.98
Asda,WMT,2024-07-31,68.64,69.18,69.25,68.29
Asda,WMT,2024-08-01,69.79,68.91,69.8,68.52
Asda,WMT,2024-08-02,68.46,69.6,70.235,67.74
Asda,WMT,2024-08-05,67.59,68.1,68.58,66.91
Asda,WMT,2024-08-06,67.74,67.84,68.63,67.68
Asda,WMT,2024-08-07,66.91,67.87,68.01,66.81
Asda,WMT,2024-08-08,67.66,66.84,67.9199,66.67
Asda,WMT,2024-08-09,67.95,67.85,68.22,67.33
Asda,WMT,2024-08-12,68.7,68.34,69.225,68.07
Asda,WMT,2024-08-13,68.13,68.43,68.61,67.14
Asda,WMT,2024-08-14,68.66,67.92,68.79,67.85
Asda,WMT,2024-08-15,73.18,74.12,74.44,72.78
Marks & Spencer,MKS.L,2024-04-02,262.0,266.7,268.7,262.0
Marks & Spencer,MKS.L,2024-04-03,266.7,261.8,267.6,261.7
Marks & Spencer,MKS.L,2024-04-04,265.9,266.7,268.4,265.0
Marks & Spencer,MKS.L,2024-04-05,261.2,260.5,267.5,258.0
Marks & Spencer,MKS.L,2024-04-08,256.5,260.8,261.2,253.4
Marks & Spencer,MKS.L,2024-04-09,254.8,255.6,257.2,252.7
Marks & Spencer,MKS.L,2024-04-10,255.7,253.2,259.5,253.078
Marks & Spencer,MKS.L,2024-04-11,258.7,254.1,264.1,254.1
Marks & Spencer,MKS.L,2024-04-12,255.4,260.1,261.675,254.8
Marks & Spencer,MKS.L,2024-04-15,254.2,255.7,260.135,252.2
Marks & Spencer,MKS.L,2024-04-16,247.0,250.4,255.8,245.5
Marks & Spencer,MKS.L,2024-04-17,248.1,244.5,249.81,243.8
Marks & Spencer,MKS.L,2024-04-18,250.2,249.9,251.4,246.6
Marks & Spencer,MKS.L,2024-04-19,245.8,246.8,250.4,240.3
Marks & Spencer,MKS.L,2024-04-22,256.6,253.5,258.0,244.3
Marks & Spencer,MKS.L,2024-04-23,262.9,258.9,264.8,258.5
Marks & Spencer,MKS.L,2024-04-24,257.8,260.7,264.5,255.7
Marks & Spencer,MKS.L,2024-04-25,260.7,256.0,261.1,254.0
Marks & Spencer,MKS.L,2024-04-26,261.5,263.3,263.3,259.1
Marks & Spencer,MKS.L,2024-04-29,259.7,262.1,265.9,253.7
Marks & Spencer,MKS.L,2024-04-30,255.8,260.8,263.1,255.8
Marks & Spencer,MKS.L,2024-05-01,254.5,255.7,258.3,248.6
Marks & Spencer,MKS.L,2024-05-02,254.6,252.9,257.3,252.8
Marks & Spencer,MKS.L,2024-05-03,258.3,253.0,259.2,253.0
Marks & Spencer,MKS.L,2024-05-07,261.1,261.9,265.5,261.1
Marks & Spencer,MKS.L,2024-05-08,266.1,263.7,267.3,262.3
Marks & Spencer,MKS.L,2024-05-09,270.6,267.1,271.2,264.5
Marks & Spencer,MKS.L,2024-05-10,272.6,268.9,276.2,268.9
Marks & Spencer,MKS.L,2024-05-13,274.6,270.4,276.0,270.4
Marks & Spencer,MKS.L,2024-05-14,273.9,274.5,277.4,273.6
Marks & Spencer,MKS.L,2024-05-15,275.8,275.1,276.8,273.3
Marks & Spencer,MKS.L,2024-05-16,278.4,277.3,279.4,274.1
Marks & Spencer,MKS.L,2024-05-17,276.7,278.0,279.9,275.1
Marks & Spencer,MKS.L,2024-05-20,276.8,277.6,281.5,276.2
Marks & Spencer,MKS.L,2024-05-21,273.8,278.5,278.5,272.0
Marks & Spencer,MKS.L,2024-05-22,288.0,293.0,300.015,281.0
Marks & Spencer,MKS.L,2024-05-23,292.6,291.9,295.3,286.2
Marks & Spencer,MKS.L,2024-05-24,299.2,288.3,299.3,287.4
Marks & Spencer,MKS.L,2024-05-28,302.0,302.8,304.9,297.4
Marks & Spencer,MKS.L,2024-05-29,302.8,299.9,305.6,299.9
Marks & Spencer,MKS.L,2024-05-30,303.9,300.2,306.0,298.4
Marks & Spencer,MKS.L,2024-05-31,302.0,301.1,305.8,300.8
Marks & Spencer,MKS.L,2024-06-03,306.1,305.0,310.0,304.3
Marks & Spencer,MKS.L,2024-06-04,311.6,305.7,313.6,304.9
Marks & Spencer,MKS.L,2024-06-05,309.1,313.7,314.0,308.0
Marks & Spencer,MKS.L,2024-06-06,310.1,310.1,312.0,304.4
Marks & Spencer,MKS.L,2024-06-07,309.3,308.2,312.4,307.3
Marks & Spencer,MKS.L,2024-06-10,309.6,307.3,311.2,305.9
Marks & Spencer,MKS.L,2024-06-11,296.6,311.3,313.5,295.8
Marks & Spencer,MKS.L,2024-06-12,302.3,294.8,304.2,294.8
Marks & Spencer,MKS.L,2024-06-13,296.9,301.7,303.348,295.0
Marks & Spencer,MKS.L,2024-06-14,295.4,297.3,298.0,291.6
Marks & Spencer,MKS.L,2024-06-17,295.9,297.6,298.5,294.7
Marks & Spencer,MKS.L,2024-06-18,300.9,297.2,301.8002,297.0
Marks & Spencer,MKS.L,2024-06-19,302.6,301.5,303.8,299.1
Marks & Spencer,MKS.L,2024-06-20,303.3,303.2,304.7,297.791
Marks & Spencer,MKS.L,2024-06-21,298.0,302.4,305.2,297.0
Marks & Spencer,MKS.L,2024-06-24,296.0,305.2,305.2,296.0
Marks & Spencer,MKS.L,2024-06-25,287.7,296.7,298.7,287.7
Marks & Spencer,MKS.L,2024-06-26,291.9,289.1,292.1,287.5
Marks & Spencer,MKS.L,2024-06-27,293.9,290.1,294.7,290.1
Marks & Spencer,MKS.L,2024-06-28,286.5,294.7,295.0,286.0
Marks & Spencer,MKS.L,2024-07-01,288.4,288.4,290.7,286.4
Marks & Spencer,MKS.L,2024-07-02,285.1,285.8,290.2,283.05
Marks & Spencer,MKS.L,2024-07-03,288.8,287.1,290.2,285.8
Marks & Spencer,MKS.L,2024-07-04,288.3,287.0,291.9,287.0
Marks & Spencer,MKS.L,2024-07-05,295.5,292.8,295.5,286.5
Marks & Spencer,MKS.L,2024-07-08,297.1,294.8,299.5,286.5
Marks & Spencer,MKS.L,2024-07-09,290.3,298.8,298.8,289.1
Marks & Spencer,MKS.L,2024-07-10,296.9,294.7,297.2,288.5
Marks & Spencer,MKS.L,2024-07-11,303.5,299.6,303.5,295.1
Marks & Spencer,MKS.L,2024-07-12,309.6,304.0,309.6,302.3
Marks & Spencer,MKS.L,2024-07-15,299.9,311.5,311.5,299.1
Marks & Spencer,MKS.L,2024-07-16,309.3,301.7,309.3,297.7
Marks & Spencer,MKS.L,2024-07-17,308.2,309.3,310.9,303.6
Marks & Spencer,MKS.L,2024-07-18,310.5,311.2,311.2,306.0
Marks & Spencer,MKS.L,2024-07-19,319.8,306.3,322.3,306.3
Marks & Spencer,MKS.L,2024-07-22,320.0,320.5,324.0,318.3
Marks & Spencer,MKS.L,2024-07-23,325.6,319.4,325.6,315.8
Marks & Spencer,MKS.L,2024-07-24,325.7,323.8,327.2,322.7
Marks & Spencer,MKS.L,2024-07-25,323.3,321.9,341.16,318.5
Marks & Spencer,MKS.L,2024-07-26,325.7,321.6,326.9,321.6
Marks & Spencer,MKS.L,2024-07-29,325.4,328.0,333.9,323.0
Marks & Spencer,MKS.L,2024-07-30,331.3,325.2,331.4,323.5
Marks & Spencer,MKS.L,2024-07-31,328.3,333.0,334.0,326.3
Marks & Spencer,MKS.L,2024-08-01,331.2,331.0,339.4,331.0
Marks & Spencer,MKS.L,2024-08-02,317.1,327.2,327.2,314.3
Marks & Spencer,MKS.L,2024-08-05,310.8,310.0,313.3,299.5
Marks & Spencer,MKS.L,2024-08-06,313.1,312.3,315.6,307.8
Marks & Spencer,MKS.L,2024-08-07,320.5,315.0,320.5,314.2
Marks & Spencer,MKS.L,2024-08-08,316.8,317.9,341.16,313.4
Marks & Spencer,MKS.L,2024-08-09,318.8,316.2,320.9,315.6506
Marks & Spencer,MKS.L,2024-08-12,323.2,321.7,324.2,320.4
Marks & Spencer,MKS.L,2024-08-13,317.5,315.0,323.9,314.2
Marks & Spencer,MKS.L,2024-08-14,327.0,320.0,327.0,317.066
Marks & Spencer,MKS.L,2024-08-15,331.1,327.5,331.5,324.4
Ocado,OCDO.L,2024-04-02,435.9,452.0,460.6,435.3
Ocado,OCDO.L,2024-04-03,439.3,434.2,443.503,426.0
Ocado,OCDO.L,2024-04-04,417.2,432.7,442.0,414.349
Ocado,OCDO.L,2024-04-05,379.7,407.1,419.8,379.7
Ocado,OCDO.L,2024-04-08,375.1,377.7,386.1,366.7
Ocado,OCDO.L,2024-04-09,380.6,371.7,391.4,362.6
Ocado,OCDO.L,2024-04-10,367.7,378.3,402.3714,363.3
Ocado,OCDO.L,2024-04-11,370.1,366.6,381.509,365.2
Ocado,OCDO.L,2024-04-12,356.7,372.9,376.7,356.0
Ocado,OCDO.L,2024-04-15,363.9,354.5,363.928,348.1
Ocado,OCDO.L,2024-04-16,342.9,356.7,366.1,341.6
Ocado,OCDO.L,2024-04-17,348.2,345.0,352.014,339.4
Ocado,OCDO.L,2024-04-18,350.0,350.4,352.3,335.2
Ocado,OCDO.L,2024-04-19,347.2,344.8,349.4,340.0
Ocado,OCDO.L,2024-04-22,358.4,355.6,377.2,345.1
Ocado,OCDO.L,2024-04-23,377.8,363.0,387.543,360.69
Ocado,OCDO.L,2024-04-24,364.6,380.1,380.1,360.5
Ocado,OCDO.L,2024-04-25,362.3,362.8,371.1,354.0
Ocado,OCDO.L,2024-04-26,353.1,365.6,369.2867,350.0
Ocado,OCDO.L,2024-04-29,355.4,356.9,359.3,350.1
Ocado,OCDO.L,2024-04-30,353.1,353.8,357.94,347.1
Ocado,OCDO.L,2024-05-01,343.1,350.8,358.046,341.6
Ocado,OCDO.L,2024-05-02,350.0,344.2,350.0,340.842
Ocado,OCDO.L,2024-05-03,355.6,352.0,379.1,347.9
Ocado,OCDO.L,2024-05-07,360.0,365.3,374.0,357.9
Ocado,OCDO.L,2024-05-08,345.9,359.1,366.6,345.9
Ocado,OCDO.L,2024-05-09,353.8,351.0,356.3,343.0
Ocado,OCDO.L,2024-05-10,348.3,354.9,362.1,345.3
Ocado,OCDO.L,2024-05-13,342.0,348.3,361.4,334.3
Ocado,OCDO.L,2024-05-14,369.8,340.2,383.3,340.2
Ocado,OCDO.L,2024-05-15,363.1,364.6,372.1,346.0
Ocado,OCDO.L,2024-05-16,360.0,360.9,368.713,355.393
Ocado,OCDO.L,2024-05-17,363.1,358.7,363.1,350.0
Ocado,OCDO.L,2024-05-20,354.3,360.9,367.8,352.9
Ocado,OCDO.L,2024-05-21,355.0,356.5,359.0,345.6
Ocado,OCDO.L,2024-05-22,343.5,353.7,361.654,340.2
Ocado,OCDO.L,2024-05-23,352.1,341.4,356.7,332.7
Ocado,OCDO.L,2024-05-24,373.8,343.5,375.0,342.1
Ocado,OCDO.L,2024-05-28,410.4,377.0,417.0,371.5
Ocado,OCDO.L,2024-05-29,360.1,406.0,412.9,360.1
Ocado,OCDO.L,2024-05-30,383.5,354.9,388.2,350.0
Ocado,OCDO.L,2024-05-31,373.6,381.6,385.9,359.2
Ocado,OCDO.L,2024-06-03,382.7,376.2,388.3,364.2
Ocado,OCDO.L,2024-06-04,353.7,376.6,379.6,353.0
Ocado,OCDO.L,2024-06-05,362.2,354.0,365.4,350.2
Ocado,OCDO.L,2024-06-06,362.5,359.2,363.4,352.6
Ocado,OCDO.L,2024-06-07,362.3,363.0,366.5,352.665
Ocado,OCDO.L,2024-06-10,355.4,354.7,364.5,352.3
Ocado,OCDO.L,2024-06-11,351.3,354.9,362.0,351.3
Ocado,OCDO.L,2024-06-12,348.9,350.0,361.9,342.2
Ocado,OCDO.L,2024-06-13,351.1,345.7,360.5,345.7
Ocado,OCDO.L,2024-06-14,357.3,350.9,366.2,349.3417
Ocado,OCDO.L,2024-06-17,347.5,362.8,363.1628,345.4
Ocado,OCDO.L,2024-06-18,353.6,348.6,359.5,346.8
Ocado,OCDO.L,2024-06-19,352.5,350.0,356.2,348.0
Ocado,OCDO.L,2024-06-20,310.0,351.3,359.0,281.2
Ocado,OCDO.L,2024-06-21,311.4,308.1,323.3,305.0
Ocado,OCDO.L,2024-06-24,312.5,306.6,318.5,298.1
Ocado,OCDO.L,2024-06-25,290.4,300.3,306.6,287.2
Ocado,OCDO.L,2024-06-26,281.0,291.0,297.9,281.0
Ocado,OCDO.L,2024-06-27,286.9,279.3,289.5,278.1652
Ocado,OCDO.L,2024-06-28,288.9,287.0,293.5,284.1737
Ocado,OCDO.L,2024-07-01,288.1,290.1,301.7,284.3
Ocado,OCDO.L,2024-07-02,297.3,285.2,297.5,283.6
Ocado,OCDO.L,2024-07-03,300.6,295.5,302.0,292.4
Ocado,OCDO.L,2024-07-04,305.5,304.9,309.8,293.8
Ocado,OCDO.L,2024-07-05,328.2,308.4,334.0,298.9
Ocado,OCDO.L,2024-07-08,345.9,328.9,351.0,327.7
Ocado,OCDO.L,2024-07-09,348.9,346.9,356.4,342.32
Ocado,OCDO.L,2024-07-10,362.7,353.1,371.2,346.8
Ocado,OCDO.L,2024-07-11,379.5,363.4,381.3,355.8
Ocado,OCDO.L,2024-07-12,380.0,381.0,390.0,373.7
Ocado,OCDO.L,2024-07-15,340.4,382.3,382.3,328.7
Ocado,OCDO.L,2024-07-16,360.5,388.0,409.1,359.2
Ocado,OCDO.L,2024-07-17,357.5,364.7,372.2,345.6
Ocado,OCDO.L,2024-07-18,392.5,354.6,399.4,353.3
Ocado,OCDO.L,2024-07-19,378.1,390.5,403.6,372.5
Ocado,OCDO.L,2024-07-22,424.1,397.0,424.1,392.988
Ocado,OCDO.L,2024-07-23,430.8,421.1,434.8,418.86
Ocado,OCDO.L,2024-07-24,411.1,428.2,433.0,402.2
Ocado,OCDO.L,2024-07-25,425.5,414.5,425.5,399.7
Ocado,OCDO.L,2024-07-26,445.9,424.9,452.1692,419.4919
Ocado,OCDO.L,2024-07-29,432.6,446.0,457.8,431.8
Ocado,OCDO.L,2024-07-30,406.5,415.0,416.3683,393.4
Ocado,OCDO.L,2024-07-31,405.6,414.5,422.0,402.9
Ocado,OCDO.L,2024-08-01,401.9,399.9,412.7,396.2
Ocado,OCDO.L,2024-08-02,393.7,398.2,408.8,385.311
Ocado,OCDO.L,2024-08-05,386.5,382.2,389.6,368.2
Ocado,OCDO.L,2024-08-06,381.4,395.1,403.4,381.17
Ocado,OCDO.L,2024-08-07,390.7,386.0,399.7,381.4
Ocado,OCDO.L,2024-08-08,397.8,386.8,397.8,375.6
Ocado,OCDO.L,2024-08-09,374.0,397.0,404.1,374.0
Ocado,OCDO.L,2024-08-12,376.7,376.0,384.9,373.6
Ocado,OCDO.L,2024-08-13,378.3,378.1,390.1373,375.3
Ocado,OCDO.L,2024-08-14,377.5,385.2,393.2,376.7
Ocado,OCDO.L,2024-08-15,377.0,378.6,381.557,363.6
Sainsburys,SBRY.L,2024-04-02,267.8,266.4,272.4,266.4
Sainsburys,SBRY.L,2024-04-03,270.2,264.4,270.8,264.4
Sainsburys,SBRY.L,2024-04-04,271.2,270.4,273.8,270.0
Sainsburys,SBRY.L,2024-04-05,265.4,267.6,273.0,263.4
Sainsburys,SBRY.L,2024-04-08,264.0,265.6,267.0,262.0
Sainsburys,SBRY.L,2024-04-09,264.8,263.4,265.8,261.395
Sainsburys,SBRY.L,2024-04-10,267.2,269.0,271.4,260.2
Sainsburys,SBRY.L,2024-04-11,259.8,269.0,270.4,259.2
Sainsburys,SBRY.L,2024-04-12,261.6,261.0,264.6,260.4
Sainsburys,SBRY.L,2024-04-15,260.4,258.2,263.2,258.2
Sainsburys,SBRY.L,2024-04-16,257.0,255.8,262.0,254.7018
Sainsburys,SBRY.L,2024-04-17,259.6,254.2,261.4,254.0
Sainsburys,SBRY.L,2024-04-18,262.6,261.6,262.8,258.0
Sainsburys,SBRY.L,2024-04-19,258.8,261.0,261.6,255.6
Sainsburys,SBRY.L,2024-04-22,269.0,266.8,270.0,257.2
Sainsburys,SBRY.L,2024-04-23,269.0,270.2,273.2,268.2
Sainsburys,SBRY.L,2024-04-24,268.0,270.8,270.8,265.4
Sainsburys,SBRY.L,2024-04-25,256.6,269.8,269.8,254.6
Sainsburys,SBRY.L,2024-04-26,261.4,260.6,263.6,255.0
Sainsburys,SBRY.L,2024-04-29,262.4,262.8,265.2,261.406
Sainsburys,SBRY.L,2024-04-30,263.4,259.8,267.0,259.8
Sainsburys,SBRY.L,2024-05-01,264.4,266.0,266.0,263.4
Sainsburys,SBRY.L,2024-05-02,264.2,262.6,266.0,262.0
Sainsburys,SBRY.L,2024-05-03,265.4,267.0,268.0,262.6
Sainsburys,SBRY.L,2024-05-07,267.8,268.4,270.4,266.8
Sainsburys,SBRY.L,2024-05-08,271.2,268.8,271.2,268.2
Sainsburys,SBRY.L,2024-05-09,274.2,273.4,275.8,269.4
Sainsburys,SBRY.L,2024-05-10,276.0,274.6,278.4,272.4
Sainsburys,SBRY.L,2024-05-13,279.0,276.2,280.4,275.6
Sainsburys,SBRY.L,2024-05-14,278.6,278.6,281.8,276.8
Sainsburys,SBRY.L,2024-05-15,277.2,280.2,281.8,276.8
Sainsburys,SBRY.L,2024-05-16,282.2,279.2,283.2,278.328
Sainsburys,SBRY.L,2024-05-17,283.6,282.0,284.4,281.8
Sainsburys,SBRY.L,2024-05-20,284.6,284.2,286.8,283.6
Sainsburys,SBRY.L,2024-05-21,283.4,281.4,286.4,277.8
Sainsburys,SBRY.L,2024-05-22,283.4,279.6,287.2,279.6
Sainsburys,SBRY.L,2024-05-23,277.4,281.6,289.0,277.4
Sainsburys,SBRY.L,2024-05-24,277.2,275.8,279.8,274.0
Sainsburys,SBRY.L,2024-05-28,279.4,275.4,281.2,275.4
Sainsburys,SBRY.L,2024-05-29,275.4,276.4,281.2,275.2
Sainsburys,SBRY.L,2024-05-30,279.0,271.6,279.0,271.6
Sainsburys,SBRY.L,2024-05-31,277.2,281.2,281.2,274.6
Sainsburys,SBRY.L,2024-06-03,279.4,280.6,281.6,278.0
Sainsburys,SBRY.L,2024-06-04,278.6,278.4,279.6,276.8
Sainsburys,SBRY.L,2024-06-05,274.0,279.8,279.8,274.0
Sainsburys,SBRY.L,2024-06-06,267.6,264.4,275.8,262.8
Sainsburys,SBRY.L,2024-06-07,263.8,267.6,269.4,263.8
Sainsburys,SBRY.L,2024-06-10,263.2,261.6,265.4,260.8
Sainsburys,SBRY.L,2024-06-11,257.0,264.8,266.4,256.6
Sainsburys,SBRY.L,2024-06-12,256.4,258.6,260.6,255.4
Sainsburys,SBRY.L,2024-06-13,258.2,256.4,259.6,255.6
Sainsburys,SBRY.L,2024-06-14,258.8,257.8,259.6,256.4
Sainsburys,SBRY.L,2024-06-17,258.8,260.2,260.4,257.6
Sainsburys,SBRY.L,2024-06-18,260.8,260.0,261.6,258.4
Sainsburys,SBRY.L,2024-06-19,259.6,260.6,263.4,259.6
Sainsburys,SBRY.L,2024-06-20,265.0,264.6,266.211,258.0
Sainsburys,SBRY.L,2024-06-21,262.4,264.2,266.6,261.4
Sainsburys,SBRY.L,2024-06-24,260.2,261.2,266.6,260.2
Sainsburys,SBRY.L,2024-06-25,259.8,260.2,262.6,258.6
Sainsburys,SBRY.L,2024-06-26,260.2,260.4,261.6,259.2
Sainsburys,SBRY.L,2024-06-27,257.0,258.6,262.2,256.6
Sainsburys,SBRY.L,2024-06-28,255.0,257.0,260.2,254.6
Sainsburys,SBRY.L,2024-07-01,257.8,256.8,260.4,256.2
Sainsburys,SBRY.L,2024-07-02,250.4,251.0,259.4,244.8
Sainsburys,SBRY.L,2024-07-03,254.6,251.4,255.6,250.6
Sainsburys,SBRY.L,2024-07-04,256.0,255.4,258.4,253.0
Sainsburys,SBRY.L,2024-07-05,261.2,258.6,261.2,254.4
Sainsburys,SBRY.L,2024-07-08,259.0,254.4,263.0,254.4
Sainsburys,SBRY.L,2024-07-09,254.4,259.2,262.8,254.336
Sainsburys,SBRY.L,2024-07-10,260.8,257.8,261.8,252.8
Sainsburys,SBRY.L,2024-07-11,268.0,261.4,275.178,261.0
Sainsburys,SBRY.L,2024-07-12,265.2,268.8,270.0,265.2
Sainsburys,SBRY.L,2024-07-15,261.2,265.6,267.2,260.4
Sainsburys,SBRY.L,2024-07-16,266.2,260.8,267.4,259.8
Sainsburys,SBRY.L,2024-07-17,266.2,267.0,267.6,263.4
Sainsburys,SBRY.L,2024-07-18,271.0,269.2,271.0,264.6
Sainsburys,SBRY.L,2024-07-19,272.8,264.6,274.2,264.6
Sainsburys,SBRY.L,2024-07-22,273.4,273.8,276.0,272.6
Sainsburys,SBRY.L,2024-07-23,272.8,274.6,274.655,272.2
Sainsburys,SBRY.L,2024-07-24,273.6,270.6,274.6,269.6
Sainsburys,SBRY.L,2024-07-25,270.0,270.6,272.4,267.6
Sainsburys,SBRY.L,2024-07-26,274.6,269.6,275.6,267.8
Sainsburys,SBRY.L,2024-07-29,274.0,276.6,277.0,273.499
Sainsburys,SBRY.L,2024-07-30,277.6,272.8,278.4,272.8
Sainsburys,SBRY.L,2024-07-31,275.4,278.8,279.6,275.0
Sainsburys,SBRY.L,2024-08-01,275.8,274.8,279.68,274.4
Sainsburys,SBRY.L,2024-08-02,273.8,273.0,276.4,271.8
Sainsburys,SBRY.L,2024-08-05,265.6,268.6,269.4,264.6
Sainsburys,SBRY.L,2024-08-06,266.2,265.0,267.8,262.6
Sainsburys,SBRY.L,2024-08-07,271.4,267.4,272.6,266.8
Sainsburys,SBRY.L,2024-08-08,268.2,270.6,273.2,265.2
Sainsburys,SBRY.L,2024-08-09,267.8,268.4,271.3,267.8
Sainsburys,SBRY.L,2024-08-12,269.6,271.0,271.0,268.1796
Sainsburys,SBRY.L,2024-08-13,274.2,270.6,277.2,270.6
Sainsburys,SBRY.L,2024-08-14,279.0,275.8,279.064,274.8
Sainsburys,SBRY.L,2024-08-15,281.2,280.8,282.6,279.0
Tesco,TSCO.L,2024-04-02,294.9,296.8,298.4,293.9995
Tesco,TSCO.L,2024-04-03,293.6,294.1,295.8,292.4
Tesco,TSCO.L,2024-04-04,292.3,293.2,295.8,291.098
Tesco,TSCO.L,2024-04-05,289.6,290.3,294.1,286.7
Tesco,TSCO.L,2024-04-08,288.0,289.6,290.7,287.1
Tesco,TSCO.L,2024-04-09,287.5,286.9,288.5,284.7
Tesco,TSCO.L,2024-04-10,297.0,283.4,306.1,282.5
Tesco,TSCO.L,2024-04-11,282.0,298.8,298.8,278.351
Tesco,TSCO.L,2024-04-12,282.9,282.6,286.7,280.7
Tesco,TSCO.L,2024-04-15,286.3,281.2,287.0,281.2
Tesco,TSCO.L,2024-04-16,280.8,288.1,288.1,280.2
Tesco,TSCO.L,2024-04-17,282.2,278.9,283.9,277.5
Tesco,TSCO.L,2024-04-18,282.7,283.8,285.4,280.5
Tesco,TSCO.L,2024-04-19,281.4,281.4,282.6,279.3
Tesco,TSCO.L,2024-04-22,291.1,285.3,292.7,279.7
Tesco,TSCO.L,2024-04-23,293.0,293.0,296.4,292.795
Tesco,TSCO.L,2024-04-24,291.4,292.8,295.0,286.3
Tesco,TSCO.L,2024-04-25,289.8,293.2,293.2,288.1
Tesco,TSCO.L,2024-04-26,288.9,290.8,292.7,286.7
Tesco,TSCO.L,2024-04-29,292.0,289.6,295.2,288.2
Tesco,TSCO.L,2024-04-30,296.3,287.1,297.205,287.1
Tesco,TSCO.L,2024-05-01,300.0,296.5,300.0,295.6
Tesco,TSCO.L,2024-05-02,299.8,298.1,302.26,298.1
Tesco,TSCO.L,2024-05-03,298.3,300.2,302.2,297.6
Tesco,TSCO.L,2024-05-07,304.3,301.7,307.3,300.9
Tesco,TSCO.L,2024-05-08,307.8,305.9,309.7,304.8
Tesco,TSCO.L,2024-05-09,310.2,309.7,312.0,305.9
Tesco,TSCO.L,2024-05-10,311.7,312.1,313.174,308.1
Tesco,TSCO.L,2024-05-13,312.6,309.2,314.0,309.2
Tesco,TSCO.L,2024-05-14,313.9,314.5,314.749,310.7
Tesco,TSCO.L,2024-05-15,310.7,313.7,314.9,309.8
Tesco,TSCO.L,2024-05-16,306.7,312.6,312.6,300.3
Tesco,TSCO.L,2024-05-17,310.9,306.5,311.7,305.8
Tesco,TSCO.L,2024-05-20,310.4,311.4,314.449,310.4
Tesco,TSCO.L,2024-05-21,311.9,308.1,312.8,308.0
Tesco,TSCO.L,2024-05-22,312.0,309.9,315.1992,309.9
Tesco,TSCO.L,2024-05-23,312.3,313.9,314.0,309.8
Tesco,TSCO.L,2024-05-24,315.0,308.0,316.1,308.0
Tesco,TSCO.L,2024-05-28,311.1,315.0,316.0,310.3
Tesco,TSCO.L,2024-05-29,309.1,311.5,313.5,308.9
Tesco,TSCO.L,2024-05-30,311.5,307.8,312.7,305.9
Tesco,TSCO.L,2024-05-31,311.0,309.3,313.4,309.3
Tesco,TSCO.L,2024-06-03,312.1,314.3,315.9,310.3
Tesco,TSCO.L,2024-06-04,312.0,312.0,314.2,310.5
Tesco,TSCO.L,2024-06-05,310.0,313.9,315.5,309.8
Tesco,TSCO.L,2024-06-06,309.6,307.6,311.9,303.6
Tesco,TSCO.L,2024-06-07,307.6,307.7,312.0,306.7
Tesco,TSCO.L,2024-06-10,305.8,305.8,309.5,304.0
Tesco,TSCO.L,2024-06-11,302.3,303.9,309.3,300.9
Tesco,TSCO.L,2024-06-12,302.1,300.4,305.5,300.4
Tesco,TSCO.L,2024-06-13,302.5,302.4,304.2,300.7549
Tesco,TSCO.L,2024-06-14,310.2,303.0,311.7,301.459
Tesco,TSCO.L,2024-06-17,307.0,313.1,313.9,305.0
Tesco,TSCO.L,2024-06-18,309.3,308.7,312.3,307.426
Tesco,TSCO.L,2024-06-19,308.9,309.4,310.4,307.7
Tesco,TSCO.L,2024-06-20,308.9,307.0,310.8,305.9
Tesco,TSCO.L,2024-06-21,308.6,306.0,310.8,305.3
Tesco,TSCO.L,2024-06-24,308.4,308.2,311.4,307.9
Tesco,TSCO.L,2024-06-25,307.6,310.3,310.4,305.9
Tesco,TSCO.L,2024-06-26,307.6,307.9,311.1,307.2
Tesco,TSCO.L,2024-06-27,306.5,305.7,309.6,305.7
Tesco,TSCO.L,2024-06-28,306.0,308.0,310.6,305.5
Tesco,TSCO.L,2024-07-01,307.3,308.2,310.5,306.4
Tesco,TSCO.L,2024-07-02,304.4,309.2,309.2,302.9
Tesco,TSCO.L,2024-07-03,304.2,305.7,308.2,302.9
Tesco,TSCO.L,2024-07-04,307.7,304.4,308.9,302.3
Tesco,TSCO.L,2024-07-05,311.0,310.2,311.3,305.8
Tesco,TSCO.L,2024-07-08,309.4,311.3,312.9,305.8
Tesco,TSCO.L,2024-07-09,308.4,309.6,312.9,307.3
Tesco,TSCO.L,2024-07-10,310.6,309.6,311.3,306.5
Tesco,TSCO.L,2024-07-11,314.0,311.7,314.0,308.7
Tesco,TSCO.L,2024-07-12,318.3,315.9,318.3,312.1
Tesco,TSCO.L,2024-07-15,315.7,317.5,320.3,314.6
Tesco,TSCO.L,2024-07-16,318.9,312.8,319.8,312.8
Tesco,TSCO.L,2024-07-17,321.6,318.4,321.6,316.3
Tesco,TSCO.L,2024-07-18,324.9,319.6,324.9,319.6
Tesco,TSCO.L,2024-07-19,326.0,319.6,326.0,319.6
Tesco,TSCO.L,2024-07-22,326.2,326.8,327.8,325.0
Tesco,TSCO.L,2024-07-23,325.9,326.5,327.0,324.6822
Tesco,TSCO.L,2024-07-24,327.2,322.9,327.3,321.8
Tesco,TSCO.L,2024-07-25,325.6,325.6,327.1,323.4
Tesco,TSCO.L,2024-07-26,327.1,325.1,328.6,323.349
Tesco,TSCO.L,2024-07-29,330.9,330.0,333.7,328.163
Tesco,TSCO.L,2024-07-30,331.7,330.0,332.8,328.4
Tesco,TSCO.L,2024-07-31,331.6,331.9,334.2996,330.5
Tesco,TSCO.L,2024-08-01,330.1,331.2,335.2,330.0
Tesco,TSCO.L,2024-08-02,326.7,327.4,328.9,322.8
Tesco,TSCO.L,2024-08-05,321.1,321.2,324.8,318.8
Tesco,TSCO.L,2024-08-06,320.2,322.2,322.6,316.7
Tesco,TSCO.L,2024-08-07,329.3,321.6,329.3,321.6
Tesco,TSCO.L,2024-08-08,329.0,328.6,329.3,325.4
Tesco,TSCO.L,2024-08-09,330.5,328.5,331.1,326.2
Tesco,TSCO.L,2024-08-12,333.5,331.7,333.9,330.88
Tesco,TSCO.L,2024-08-13,335.0,333.8,338.0,333.4
Tesco,TSCO.L,2024-08-14,340.6,336.5,340.6,336.4
Tesco,TSCO.L,2024-08-15,341.2,341.5,342.0,338.596
